timestamp,scheme,experiment,operation,role,trial,warmup,message_size_bytes,recipient_input_size,scheme_specific_parameters,wall_time_ns,output_bytes,output_bytes_status,status,git_commit,compiler,compiler_version,build_type,machine_id
1787145631992085608,PPS-GC,sender_signaling,pps_gc_share_generation,sender,0,true,32,2,recipient_bits=16;location_bytes=32,9680,68,measured,ok,unavailable,rustc,nightly-2021-05-06,Release,JerryZ
1787145631994017047,PPS-GC,sender_signaling,pps_gc_sender_preparation,sender,0,true,32,2,recipient_bits=16;location_bytes=32,64,68,measured,ok,unavailable,rustc,nightly-2021-05-06,Release,JerryZ
1787145631995575036,PPS-GC,sender_signaling,pps_gc_sender_total_signaling,sender,0,true,32,2,recipient_bits=16;location_bytes=32,11407,68,measured,ok,unavailable,rustc,nightly-2021-05-06,Release,JerryZ
1787145631997201298,PPS-GC,sender_signaling,pps_gc_share_generation,sender,1,false,32,2,recipient_bits=16;location_bytes=32,10689,68,measured,ok,unavailable,rustc,nightly-2021-05-06,Release,JerryZ
1787145631998838673,PPS-GC,sender_signaling,pps_gc_sender_preparation,sender,1,false,32,2,recipient_bits=16;location_bytes=32,440,68,measured,ok,unavailable,rustc,nightly-2021-05-06,Release,JerryZ
1787145632000000425,PPS-GC,sender_signaling,message_encryption,sender,1,false,32,2,recipient_bits=16;location_bytes=32,-1,,not_applicable,not_applicable,unavailable,rustc,nightly-2021-05-06,Release,JerryZ
1787145632001152024,PPS-GC,sender_signaling,pps_gc_sender_total_signaling,sender,1,false,32,2,recipient_bits=16;location_bytes=32,51071,68,measured,ok,unavailable,rustc,nightly-2021-05-06,Release,JerryZ
1787145632002439988,PPS-GC,sender_signaling,pps_gc_share_generation,sender,2,false,32,2,recipient_bits=16;location_bytes=32,9386,68,measured,ok,unavailable,rustc,nightly-2021-05-06,Release,JerryZ
1787145632003490372,PPS-GC,sender_signaling,pps_gc_sender_preparation,sender,2,false,32,2,recipient_bits=16;location_bytes=32,156,68,measured,ok,unavailable,rustc,nightly-2021-05-06,Release,JerryZ
1787145632004558656,PPS-GC,sender_signaling,message_encryption,sender,2,false,32,2,recipient_bits=16;location_bytes=32,-1,,not_applicable,not_applicable,unavailable,rustc,nightly-2021-05-06,Release,JerryZ
1787145632006104161,PPS-GC,sender_signaling,pps_gc_sender_total_signaling,sender,2,false,32,2,recipient_bits=16;location_bytes=32,9872,68,measured,ok,unavailable,rustc,nightly-2021-05-06,Release,JerryZ
1787145632007227771,PPS-GC,sender_signaling,pps_gc_share_generation,sender,3,false,32,2,recipient_bits=16;location_bytes=32,9523,68,measured,ok,unavailable,rustc,nightly-2021-05-06,Release,JerryZ
1787145632008260064,PPS-GC,sender_signaling,pps_gc_sender_preparation,sender,3,false,32,2,recipient_bits=16;location_bytes=32,275,68,measured,ok,unavailable,rustc,nightly-2021-05-06,Release,JerryZ
1787145632009389033,PPS-GC,sender_signaling,message_encryption,sender,3,false,32,2,recipient_bits=16;location_bytes=32,-1,,not_applicable,not_applicable,unavailable,rustc,nightly-2021-05-06,Release,JerryZ
1787145632010572238,PPS-GC,sender_signaling,pps_gc_sender_total_signaling,sender,3,false,32,2,recipient_bits=16;location_bytes=32,10019,68,measured,ok,unavailable,rustc,nightly-2021-05-06,Release,JerryZ
