2026-08-19T14:38:39.927357215Z,FMD,multiple_signal_sender_scalability,flag_generation,sender,10,-20,true,4132329,413232,gamma=8;p=2^-8;curve=P-256,fixed_target_recipient,ok
2026-08-19T14:38:39.934442708Z,FMD,multiple_signal_sender_scalability,flag_generation,sender,10,-19,true,4597849,459784,gamma=8;p=2^-8;curve=P-256,fixed_target_recipient,ok
2026-08-19T14:38:39.940112923Z,FMD,multiple_signal_sender_scalability,flag_generation,sender,10,-18,true,3993456,399345,gamma=8;p=2^-8;curve=P-256,fixed_target_recipient,ok
2026-08-19T14:38:39.946233Z,FMD,multiple_signal_sender_scalability,flag_generation,sender,10,-17,true,4121510,412151,gamma=8;p=2^-8;curve=P-256,fixed_target_recipient,ok
2026-08-19T14:38:39.952337741Z,FMD,multiple_signal_sender_scalability,flag_generation,sender,10,-16,true,4107955,410795,gamma=8;p=2^-8;curve=P-256,fixed_target_recipient,ok
2026-08-19T14:38:39.958342855Z,FMD,multiple_signal_sender_scalability,flag_generation,sender,10,-15,true,4146361,414636,gamma=8;p=2^-8;curve=P-256,fixed_target_recipient,ok
2026-08-19T14:38:39.96404547Z,FMD,multiple_signal_sender_scalability,flag_generation,sender,10,-14,true,3728445,372844,gamma=8;p=2^-8;curve=P-256,fixed_target_recipient,ok
2026-08-19T14:38:39.969720415Z,FMD,multiple_signal_sender_scalability,flag_generation,sender,10,-13,true,3747897,374789,gamma=8;p=2^-8;curve=P-256,fixed_target_recipient,ok
2026-08-19T14:38:39.975521342Z,FMD,multiple_signal_sender_scalability,flag_generation,sender,10,-12,true,3743120,374312,gamma=8;p=2^-8;curve=P-256,fixed_target_recipient,ok
2026-08-19T14:38:39.981547226Z,FMD,multiple_signal_sender_scalability,flag_generation,sender,10,-11,true,4378114,437811,gamma=8;p=2^-8;curve=P-256,fixed_target_recipient,ok
2026-08-19T14:38:39.987207325Z,FMD,multiple_signal_sender_scalability,flag_generation,sender,10,-10,true,3823070,382307,gamma=8;p=2^-8;curve=P-256,fixed_target_recipient,ok
2026-08-19T14:38:39.992773331Z,FMD,multiple_signal_sender_scalability,flag_generation,sender,10,-9,true,3780613,378061,gamma=8;p=2^-8;curve=P-256,fixed_target_recipient,ok
2026-08-19T14:38:39.998836689Z,FMD,multiple_signal_sender_scalability,flag_generation,sender,10,-8,true,3837815,383781,gamma=8;p=2^-8;curve=P-256,fixed_target_recipient,ok
2026-08-19T14:38:40.005378315Z,FMD,multiple_signal_sender_scalability,flag_generation,sender,10,-7,true,4434364,443436,gamma=8;p=2^-8;curve=P-256,fixed_target_recipient,ok
2026-08-19T14:38:40.011577942Z,FMD,multiple_signal_sender_scalability,flag_generation,sender,10,-6,true,4410702,441070,gamma=8;p=2^-8;curve=P-256,fixed_target_recipient,ok
2026-08-19T14:38:40.01793323Z,FMD,multiple_signal_sender_scalability,flag_generation,sender,10,-5,true,4549469,454946,gamma=8;p=2^-8;curve=P-256,fixed_target_recipient,ok
2026-08-19T14:38:40.024510247Z,FMD,multiple_signal_sender_scalability,flag_generation,sender,10,-4,true,4552258,455225,gamma=8;p=2^-8;curve=P-256,fixed_target_recipient,ok
2026-08-19T14:38:40.030685275Z,FMD,multiple_signal_sender_scalability,flag_generation,sender,10,-3,true,4353354,435335,gamma=8;p=2^-8;curve=P-256,fixed_target_recipient,ok
2026-08-19T14:38:40.036792453Z,FMD,multiple_signal_sender_scalability,flag_generation,sender,10,-2,true,3705173,370517,gamma=8;p=2^-8;curve=P-256,fixed_target_recipient,ok
2026-08-19T14:38:40.044153515Z,FMD,multiple_signal_sender_scalability,flag_generation,sender,10,-1,true,5564221,556422,gamma=8;p=2^-8;curve=P-256,fixed_target_recipient,ok
2026-08-19T14:38:40.050941307Z,FMD,multiple_signal_sender_scalability,flag_generation,sender,10,0,false,4350682,435068,gamma=8;p=2^-8;curve=P-256,fixed_target_recipient,ok
2026-08-19T14:38:40.056762889Z,FMD,multiple_signal_sender_scalability,flag_generation,sender,10,1,false,4126662,412666,gamma=8;p=2^-8;curve=P-256,fixed_target_recipient,ok
2026-08-19T14:38:40.062861122Z,FMD,multiple_signal_sender_scalability,flag_generation,sender,10,2,false,3935865,393586,gamma=8;p=2^-8;curve=P-256,fixed_target_recipient,ok
2026-08-19T14:38:40.068719843Z,FMD,multiple_signal_sender_scalability,flag_generation,sender,10,3,false,3593507,359350,gamma=8;p=2^-8;curve=P-256,fixed_target_recipient,ok
2026-08-19T14:38:40.075022108Z,FMD,multiple_signal_sender_scalability,flag_generation,sender,10,4,false,4293628,429362,gamma=8;p=2^-8;curve=P-256,fixed_target_recipient,ok
2026-08-19T14:38:40.080991351Z,FMD,multiple_signal_sender_scalability,flag_generation,sender,10,5,false,3956336,395633,gamma=8;p=2^-8;curve=P-256,fixed_target_recipient,ok
2026-08-19T14:38:40.087184939Z,FMD,multiple_signal_sender_scalability,flag_generation,sender,10,6,false,4431637,443163,gamma=8;p=2^-8;curve=P-256,fixed_target_recipient,ok
2026-08-19T14:38:40.093971758Z,FMD,multiple_signal_sender_scalability,flag_generation,sender,10,7,false,4864656,486465,gamma=8;p=2^-8;curve=P-256,fixed_target_recipient,ok
2026-08-19T14:38:40.100316663Z,FMD,multiple_signal_sender_scalability,flag_generation,sender,10,8,false,4494720,449472,gamma=8;p=2^-8;curve=P-256,fixed_target_recipient,ok
2026-08-19T14:38:40.107205867Z,FMD,multiple_signal_sender_scalability,flag_generation,sender,10,9,false,4732001,473200,gamma=8;p=2^-8;curve=P-256,fixed_target_recipient,ok
2026-08-19T14:38:40.112979194Z,FMD,multiple_signal_sender_scalability,flag_generation,sender,10,10,false,3743531,374353,gamma=8;p=2^-8;curve=P-256,fixed_target_recipient,ok
2026-08-19T14:38:40.11950659Z,FMD,multiple_signal_sender_scalability,flag_generation,sender,10,11,false,4719502,471950,gamma=8;p=2^-8;curve=P-256,fixed_target_recipient,ok
2026-08-19T14:38:40.125735913Z,FMD,multiple_signal_sender_scalability,flag_generation,sender,10,12,false,4310999,431099,gamma=8;p=2^-8;curve=P-256,fixed_target_recipient,ok
2026-08-19T14:38:40.131588448Z,FMD,multiple_signal_sender_scalability,flag_generation,sender,10,13,false,3800460,380046,gamma=8;p=2^-8;curve=P-256,fixed_target_recipient,ok
2026-08-19T14:38:40.138400568Z,FMD,multiple_signal_sender_scalability,flag_generation,sender,10,14,false,4818494,481849,gamma=8;p=2^-8;curve=P-256,fixed_target_recipient,ok
2026-08-19T14:38:40.143956225Z,FMD,multiple_signal_sender_scalability,flag_generation,sender,10,15,false,3682994,368299,gamma=8;p=2^-8;curve=P-256,fixed_target_recipient,ok
2026-08-19T14:38:40.150770595Z,FMD,multiple_signal_sender_scalability,flag_generation,sender,10,16,false,4751715,475171,gamma=8;p=2^-8;curve=P-256,fixed_target_recipient,ok
2026-08-19T14:38:40.156074208Z,FMD,multiple_signal_sender_scalability,flag_generation,sender,10,17,false,3670083,367008,gamma=8;p=2^-8;curve=P-256,fixed_target_recipient,ok
2026-08-19T14:38:40.161629825Z,FMD,multiple_signal_sender_scalability,flag_generation,sender,10,18,false,3599675,359967,gamma=8;p=2^-8;curve=P-256,fixed_target_recipient,ok
2026-08-19T14:38:40.167116267Z,FMD,multiple_signal_sender_scalability,flag_generation,sender,10,19,false,3682737,368273,gamma=8;p=2^-8;curve=P-256,fixed_target_recipient,ok
2026-08-19T14:38:40.173099814Z,FMD,multiple_signal_sender_scalability,flag_generation,sender,10,20,false,3816793,381679,gamma=8;p=2^-8;curve=P-256,fixed_target_recipient,ok
2026-08-19T14:38:40.179411028Z,FMD,multiple_signal_sender_scalability,flag_generation,sender,10,21,false,4578843,457884,gamma=8;p=2^-8;curve=P-256,fixed_target_recipient,ok
2026-08-19T14:38:40.185549092Z,FMD,multiple_signal_sender_scalability,flag_generation,sender,10,22,false,4282300,428230,gamma=8;p=2^-8;curve=P-256,fixed_target_recipient,ok
2026-08-19T14:38:40.191134439Z,FMD,multiple_signal_sender_scalability,flag_generation,sender,10,23,false,3696329,369632,gamma=8;p=2^-8;curve=P-256,fixed_target_recipient,ok
2026-08-19T14:38:40.197144146Z,FMD,multiple_signal_sender_scalability,flag_generation,sender,10,24,false,4276868,427686,gamma=8;p=2^-8;curve=P-256,fixed_target_recipient,ok
2026-08-19T14:38:40.203134229Z,FMD,multiple_signal_sender_scalability,flag_generation,sender,10,25,false,3736565,373656,gamma=8;p=2^-8;curve=P-256,fixed_target_recipient,ok
2026-08-19T14:38:40.208962496Z,FMD,multiple_signal_sender_scalability,flag_generation,sender,10,26,false,3650631,365063,gamma=8;p=2^-8;curve=P-256,fixed_target_recipient,ok
2026-08-19T14:38:40.21461489Z,FMD,multiple_signal_sender_scalability,flag_generation,sender,10,27,false,3788484,378848,gamma=8;p=2^-8;curve=P-256,fixed_target_recipient,ok
2026-08-19T14:38:40.219942909Z,FMD,multiple_signal_sender_scalability,flag_generation,sender,10,28,false,3661334,366133,gamma=8;p=2^-8;curve=P-256,fixed_target_recipient,ok
2026-08-19T14:38:40.226788618Z,FMD,multiple_signal_sender_scalability,flag_generation,sender,10,29,false,4435527,443552,gamma=8;p=2^-8;curve=P-256,fixed_target_recipient,ok
2026-08-19T14:38:40.603305735Z,FMD,multiple_signal_sender_scalability,flag_generation,sender,1000,-20,true,369888112,369888,gamma=8;p=2^-8;curve=P-256,fixed_target_recipient,ok
2026-08-19T14:38:40.985436528Z,FMD,multiple_signal_sender_scalability,flag_generation,sender,1000,-19,true,380169743,380169,gamma=8;p=2^-8;curve=P-256,fixed_target_recipient,ok
2026-08-19T14:38:41.360772672Z,FMD,multiple_signal_sender_scalability,flag_generation,sender,1000,-18,true,373051291,373051,gamma=8;p=2^-8;curve=P-256,fixed_target_recipient,ok
2026-08-19T14:38:41.733081064Z,FMD,multiple_signal_sender_scalability,flag_generation,sender,1000,-17,true,370207980,370207,gamma=8;p=2^-8;curve=P-256,fixed_target_recipient,ok
2026-08-19T14:38:42.11056589Z,FMD,multiple_signal_sender_scalability,flag_generation,sender,1000,-16,true,375206700,375206,gamma=8;p=2^-8;curve=P-256,fixed_target_recipient,ok
2026-08-19T14:38:42.483955984Z,FMD,multiple_signal_sender_scalability,flag_generation,sender,1000,-15,true,371111537,371111,gamma=8;p=2^-8;curve=P-256,fixed_target_recipient,ok
2026-08-19T14:38:42.863946736Z,FMD,multiple_signal_sender_scalability,flag_generation,sender,1000,-14,true,378030356,378030,gamma=8;p=2^-8;curve=P-256,fixed_target_recipient,ok
2026-08-19T14:38:43.235961248Z,FMD,multiple_signal_sender_scalability,flag_generation,sender,1000,-13,true,369793602,369793,gamma=8;p=2^-8;curve=P-256,fixed_target_recipient,ok
2026-08-19T14:38:43.607154793Z,FMD,multiple_signal_sender_scalability,flag_generation,sender,1000,-12,true,368974379,368974,gamma=8;p=2^-8;curve=P-256,fixed_target_recipient,ok
2026-08-19T14:38:43.978921514Z,FMD,multiple_signal_sender_scalability,flag_generation,sender,1000,-11,true,369803122,369803,gamma=8;p=2^-8;curve=P-256,fixed_target_recipient,ok
2026-08-19T14:38:44.352214753Z,FMD,multiple_signal_sender_scalability,flag_generation,sender,1000,-10,true,371145118,371145,gamma=8;p=2^-8;curve=P-256,fixed_target_recipient,ok
2026-08-19T14:38:44.724520519Z,FMD,multiple_signal_sender_scalability,flag_generation,sender,1000,-9,true,370014472,370014,gamma=8;p=2^-8;curve=P-256,fixed_target_recipient,ok
2026-08-19T14:38:45.106206202Z,FMD,multiple_signal_sender_scalability,flag_generation,sender,1000,-8,true,379637137,379637,gamma=8;p=2^-8;curve=P-256,fixed_target_recipient,ok
2026-08-19T14:38:45.479111997Z,FMD,multiple_signal_sender_scalability,flag_generation,sender,1000,-7,true,370950111,370950,gamma=8;p=2^-8;curve=P-256,fixed_target_recipient,ok
2026-08-19T14:38:45.851941142Z,FMD,multiple_signal_sender_scalability,flag_generation,sender,1000,-6,true,370798454,370798,gamma=8;p=2^-8;curve=P-256,fixed_target_recipient,ok
2026-08-19T14:38:46.223678521Z,FMD,multiple_signal_sender_scalability,flag_generation,sender,1000,-5,true,369588069,369588,gamma=8;p=2^-8;curve=P-256,fixed_target_recipient,ok
2026-08-19T14:38:46.594174447Z,FMD,multiple_signal_sender_scalability,flag_generation,sender,1000,-4,true,368551015,368551,gamma=8;p=2^-8;curve=P-256,fixed_target_recipient,ok
2026-08-19T14:38:46.972163506Z,FMD,multiple_signal_sender_scalability,flag_generation,sender,1000,-3,true,376094618,376094,gamma=8;p=2^-8;curve=P-256,fixed_target_recipient,ok
2026-08-19T14:38:47.345660463Z,FMD,multiple_signal_sender_scalability,flag_generation,sender,1000,-2,true,371437611,371437,gamma=8;p=2^-8;curve=P-256,fixed_target_recipient,ok
2026-08-19T14:38:47.719640522Z,FMD,multiple_signal_sender_scalability,flag_generation,sender,1000,-1,true,371898563,371898,gamma=8;p=2^-8;curve=P-256,fixed_target_recipient,ok
2026-08-19T14:38:48.092957101Z,FMD,multiple_signal_sender_scalability,flag_generation,sender,1000,0,false,371149269,371149,gamma=8;p=2^-8;curve=P-256,fixed_target_recipient,ok
2026-08-19T14:38:48.46655448Z,FMD,multiple_signal_sender_scalability,flag_generation,sender,1000,1,false,371501033,371501,gamma=8;p=2^-8;curve=P-256,fixed_target_recipient,ok
2026-08-19T14:38:48.842470318Z,FMD,multiple_signal_sender_scalability,flag_generation,sender,1000,2,false,373726654,373726,gamma=8;p=2^-8;curve=P-256,fixed_target_recipient,ok
2026-08-19T14:38:49.223438546Z,FMD,multiple_signal_sender_scalability,flag_generation,sender,1000,3,false,378850331,378850,gamma=8;p=2^-8;curve=P-256,fixed_target_recipient,ok
2026-08-19T14:38:49.594665082Z,FMD,multiple_signal_sender_scalability,flag_generation,sender,1000,4,false,368975310,368975,gamma=8;p=2^-8;curve=P-256,fixed_target_recipient,ok
2026-08-19T14:38:49.969386591Z,FMD,multiple_signal_sender_scalability,flag_generation,sender,1000,5,false,372426963,372426,gamma=8;p=2^-8;curve=P-256,fixed_target_recipient,ok
2026-08-19T14:38:50.341370035Z,FMD,multiple_signal_sender_scalability,flag_generation,sender,1000,6,false,369773007,369773,gamma=8;p=2^-8;curve=P-256,fixed_target_recipient,ok
2026-08-19T14:38:50.723657015Z,FMD,multiple_signal_sender_scalability,flag_generation,sender,1000,7,false,379647813,379647,gamma=8;p=2^-8;curve=P-256,fixed_target_recipient,ok
2026-08-19T14:38:51.101048404Z,FMD,multiple_signal_sender_scalability,flag_generation,sender,1000,8,false,375029379,375029,gamma=8;p=2^-8;curve=P-256,fixed_target_recipient,ok
2026-08-19T14:38:51.474852556Z,FMD,multiple_signal_sender_scalability,flag_generation,sender,1000,9,false,371783860,371783,gamma=8;p=2^-8;curve=P-256,fixed_target_recipient,ok
2026-08-19T14:38:51.849685227Z,FMD,multiple_signal_sender_scalability,flag_generation,sender,1000,10,false,372947050,372947,gamma=8;p=2^-8;curve=P-256,fixed_target_recipient,ok
2026-08-19T14:38:52.223753322Z,FMD,multiple_signal_sender_scalability,flag_generation,sender,1000,11,false,372247248,372247,gamma=8;p=2^-8;curve=P-256,fixed_target_recipient,ok
2026-08-19T14:38:52.5964569Z,FMD,multiple_signal_sender_scalability,flag_generation,sender,1000,12,false,370681432,370681,gamma=8;p=2^-8;curve=P-256,fixed_target_recipient,ok
2026-08-19T14:38:52.969528154Z,FMD,multiple_signal_sender_scalability,flag_generation,sender,1000,13,false,370617902,370617,gamma=8;p=2^-8;curve=P-256,fixed_target_recipient,ok
2026-08-19T14:38:53.348147891Z,FMD,multiple_signal_sender_scalability,flag_generation,sender,1000,14,false,376456027,376456,gamma=8;p=2^-8;curve=P-256,fixed_target_recipient,ok
2026-08-19T14:38:53.724882591Z,FMD,multiple_signal_sender_scalability,flag_generation,sender,1000,15,false,374502695,374502,gamma=8;p=2^-8;curve=P-256,fixed_target_recipient,ok
2026-08-19T14:38:54.097207912Z,FMD,multiple_signal_sender_scalability,flag_generation,sender,1000,16,false,370041920,370041,gamma=8;p=2^-8;curve=P-256,fixed_target_recipient,ok
2026-08-19T14:38:54.474304678Z,FMD,multiple_signal_sender_scalability,flag_generation,sender,1000,17,false,374924653,374924,gamma=8;p=2^-8;curve=P-256,fixed_target_recipient,ok
2026-08-19T14:38:54.847037407Z,FMD,multiple_signal_sender_scalability,flag_generation,sender,1000,18,false,370579705,370579,gamma=8;p=2^-8;curve=P-256,fixed_target_recipient,ok
2026-08-19T14:38:58.163804238Z,FMD,multiple_signal_sender_scalability,flag_generation,sender,1000,19,false,381336533,381336,gamma=8;p=2^-8;curve=P-256,fixed_target_recipient,ok
2026-08-19T14:38:58.539691006Z,FMD,multiple_signal_sender_scalability,flag_generation,sender,1000,20,false,373608071,373608,gamma=8;p=2^-8;curve=P-256,fixed_target_recipient,ok
2026-08-19T14:38:58.909831424Z,FMD,multiple_signal_sender_scalability,flag_generation,sender,1000,21,false,368283047,368283,gamma=8;p=2^-8;curve=P-256,fixed_target_recipient,ok
2026-08-19T14:38:59.285095005Z,FMD,multiple_signal_sender_scalability,flag_generation,sender,1000,22,false,372985158,372985,gamma=8;p=2^-8;curve=P-256,fixed_target_recipient,ok
2026-08-19T14:38:59.65675693Z,FMD,multiple_signal_sender_scalability,flag_generation,sender,1000,23,false,369647144,369647,gamma=8;p=2^-8;curve=P-256,fixed_target_recipient,ok
2026-08-19T14:39:00.035522547Z,FMD,multiple_signal_sender_scalability,flag_generation,sender,1000,24,false,375992624,375992,gamma=8;p=2^-8;curve=P-256,fixed_target_recipient,ok
2026-08-19T14:39:00.410068786Z,FMD,multiple_signal_sender_scalability,flag_generation,sender,1000,25,false,372653134,372653,gamma=8;p=2^-8;curve=P-256,fixed_target_recipient,ok
2026-08-19T14:39:00.783417981Z,FMD,multiple_signal_sender_scalability,flag_generation,sender,1000,26,false,370896095,370896,gamma=8;p=2^-8;curve=P-256,fixed_target_recipient,ok
2026-08-19T14:39:01.153885469Z,FMD,multiple_signal_sender_scalability,flag_generation,sender,1000,27,false,368052047,368052,gamma=8;p=2^-8;curve=P-256,fixed_target_recipient,ok
2026-08-19T14:39:01.531062061Z,FMD,multiple_signal_sender_scalability,flag_generation,sender,1000,28,false,374986037,374986,gamma=8;p=2^-8;curve=P-256,fixed_target_recipient,ok
2026-08-19T14:39:01.906078635Z,FMD,multiple_signal_sender_scalability,flag_generation,sender,1000,29,false,372839235,372839,gamma=8;p=2^-8;curve=P-256,fixed_target_recipient,ok
2026-08-19T14:39:01.918126821Z,FMD,multiple_signal_sender_scalability,flag_generation,sender,10,-20,true,4260066,426006,gamma=8;p=2^-8;curve=P-256,fixed_target_recipient,ok
2026-08-19T14:39:01.924474164Z,FMD,multiple_signal_sender_scalability,flag_generation,sender,10,-19,true,4016980,401698,gamma=8;p=2^-8;curve=P-256,fixed_target_recipient,ok
2026-08-19T14:39:01.930197783Z,FMD,multiple_signal_sender_scalability,flag_generation,sender,10,-18,true,3923370,392337,gamma=8;p=2^-8;curve=P-256,fixed_target_recipient,ok
2026-08-19T14:39:01.936383455Z,FMD,multiple_signal_sender_scalability,flag_generation,sender,10,-17,true,4342903,434290,gamma=8;p=2^-8;curve=P-256,fixed_target_recipient,ok
2026-08-19T14:39:01.942841051Z,FMD,multiple_signal_sender_scalability,flag_generation,sender,10,-16,true,4347707,434770,gamma=8;p=2^-8;curve=P-256,fixed_target_recipient,ok
2026-08-19T14:39:01.948574827Z,FMD,multiple_signal_sender_scalability,flag_generation,sender,10,-15,true,3797645,379764,gamma=8;p=2^-8;curve=P-256,fixed_target_recipient,ok
2026-08-19T14:39:01.954110155Z,FMD,multiple_signal_sender_scalability,flag_generation,sender,10,-14,true,3844133,384413,gamma=8;p=2^-8;curve=P-256,fixed_target_recipient,ok
2026-08-19T14:39:01.959763605Z,FMD,multiple_signal_sender_scalability,flag_generation,sender,10,-13,true,3799940,379994,gamma=8;p=2^-8;curve=P-256,fixed_target_recipient,ok
2026-08-19T14:39:01.965557888Z,FMD,multiple_signal_sender_scalability,flag_generation,sender,10,-12,true,3730198,373019,gamma=8;p=2^-8;curve=P-256,fixed_target_recipient,ok
2026-08-19T14:39:01.971465306Z,FMD,multiple_signal_sender_scalability,flag_generation,sender,10,-11,true,4167884,416788,gamma=8;p=2^-8;curve=P-256,fixed_target_recipient,ok
2026-08-19T14:39:01.977600678Z,FMD,multiple_signal_sender_scalability,flag_generation,sender,10,-10,true,4408232,440823,gamma=8;p=2^-8;curve=P-256,fixed_target_recipient,ok
2026-08-19T14:39:01.983421195Z,FMD,multiple_signal_sender_scalability,flag_generation,sender,10,-9,true,3945329,394532,gamma=8;p=2^-8;curve=P-256,fixed_target_recipient,ok
2026-08-19T14:39:01.989440696Z,FMD,multiple_signal_sender_scalability,flag_generation,sender,10,-8,true,3914931,391493,gamma=8;p=2^-8;curve=P-256,fixed_target_recipient,ok
2026-08-19T14:39:01.996522547Z,FMD,multiple_signal_sender_scalability,flag_generation,sender,10,-7,true,5194642,519464,gamma=8;p=2^-8;curve=P-256,fixed_target_recipient,ok
2026-08-19T14:39:02.002779247Z,FMD,multiple_signal_sender_scalability,flag_generation,sender,10,-6,true,4191991,419199,gamma=8;p=2^-8;curve=P-256,fixed_target_recipient,ok
2026-08-19T14:39:02.008429065Z,FMD,multiple_signal_sender_scalability,flag_generation,sender,10,-5,true,3774120,377412,gamma=8;p=2^-8;curve=P-256,fixed_target_recipient,ok
2026-08-19T14:39:02.014664256Z,FMD,multiple_signal_sender_scalability,flag_generation,sender,10,-4,true,4197534,419753,gamma=8;p=2^-8;curve=P-256,fixed_target_recipient,ok
2026-08-19T14:39:02.0202286Z,FMD,multiple_signal_sender_scalability,flag_generation,sender,10,-3,true,3719210,371921,gamma=8;p=2^-8;curve=P-256,fixed_target_recipient,ok
2026-08-19T14:39:02.026188553Z,FMD,multiple_signal_sender_scalability,flag_generation,sender,10,-2,true,3976090,397609,gamma=8;p=2^-8;curve=P-256,fixed_target_recipient,ok
2026-08-19T14:39:02.031690992Z,FMD,multiple_signal_sender_scalability,flag_generation,sender,10,-1,true,3593289,359328,gamma=8;p=2^-8;curve=P-256,fixed_target_recipient,ok
2026-08-19T14:39:02.038019518Z,FMD,multiple_signal_sender_scalability,flag_generation,sender,10,0,false,4411795,441179,gamma=8;p=2^-8;curve=P-256,fixed_target_recipient,ok
2026-08-19T14:39:02.043929346Z,FMD,multiple_signal_sender_scalability,flag_generation,sender,10,1,false,4033259,403325,gamma=8;p=2^-8;curve=P-256,fixed_target_recipient,ok
2026-08-19T14:39:02.051277086Z,FMD,multiple_signal_sender_scalability,flag_generation,sender,10,2,false,5111263,511126,gamma=8;p=2^-8;curve=P-256,fixed_target_recipient,ok
2026-08-19T14:39:02.056982062Z,FMD,multiple_signal_sender_scalability,flag_generation,sender,10,3,false,3670831,367083,gamma=8;p=2^-8;curve=P-256,fixed_target_recipient,ok
2026-08-19T14:39:02.063126894Z,FMD,multiple_signal_sender_scalability,flag_generation,sender,10,4,false,4210501,421050,gamma=8;p=2^-8;curve=P-256,fixed_target_recipient,ok
2026-08-19T14:39:02.068802747Z,FMD,multiple_signal_sender_scalability,flag_generation,sender,10,5,false,3712208,371220,gamma=8;p=2^-8;curve=P-256,fixed_target_recipient,ok
2026-08-19T14:39:02.074285707Z,FMD,multiple_signal_sender_scalability,flag_generation,sender,10,6,false,3656041,365604,gamma=8;p=2^-8;curve=P-256,fixed_target_recipient,ok
2026-08-19T14:39:02.080607198Z,FMD,multiple_signal_sender_scalability,flag_generation,sender,10,7,false,4123760,412376,gamma=8;p=2^-8;curve=P-256,fixed_target_recipient,ok
2026-08-19T14:39:02.08608719Z,FMD,multiple_signal_sender_scalability,flag_generation,sender,10,8,false,3642659,364265,gamma=8;p=2^-8;curve=P-256,fixed_target_recipient,ok
2026-08-19T14:39:02.092938354Z,FMD,multiple_signal_sender_scalability,flag_generation,sender,10,9,false,4237680,423768,gamma=8;p=2^-8;curve=P-256,fixed_target_recipient,ok
2026-08-19T14:39:02.099040381Z,FMD,multiple_signal_sender_scalability,flag_generation,sender,10,10,false,3853601,385360,gamma=8;p=2^-8;curve=P-256,fixed_target_recipient,ok
2026-08-19T14:39:02.105822869Z,FMD,multiple_signal_sender_scalability,flag_generation,sender,10,11,false,4802395,480239,gamma=8;p=2^-8;curve=P-256,fixed_target_recipient,ok
2026-08-19T14:39:02.113377832Z,FMD,multiple_signal_sender_scalability,flag_generation,sender,10,12,false,3665784,366578,gamma=8;p=2^-8;curve=P-256,fixed_target_recipient,ok
2026-08-19T14:39:02.118870205Z,FMD,multiple_signal_sender_scalability,flag_generation,sender,10,13,false,3656234,365623,gamma=8;p=2^-8;curve=P-256,fixed_target_recipient,ok
2026-08-19T14:39:02.125471053Z,FMD,multiple_signal_sender_scalability,flag_generation,sender,10,14,false,4303518,430351,gamma=8;p=2^-8;curve=P-256,fixed_target_recipient,ok
2026-08-19T14:39:02.131038386Z,FMD,multiple_signal_sender_scalability,flag_generation,sender,10,15,false,3650062,365006,gamma=8;p=2^-8;curve=P-256,fixed_target_recipient,ok
2026-08-19T14:39:02.136872743Z,FMD,multiple_signal_sender_scalability,flag_generation,sender,10,16,false,3879155,387915,gamma=8;p=2^-8;curve=P-256,fixed_target_recipient,ok
2026-08-19T14:39:02.142817424Z,FMD,multiple_signal_sender_scalability,flag_generation,sender,10,17,false,4146113,414611,gamma=8;p=2^-8;curve=P-256,fixed_target_recipient,ok
2026-08-19T14:39:02.149169735Z,FMD,multiple_signal_sender_scalability,flag_generation,sender,10,18,false,4300722,430072,gamma=8;p=2^-8;curve=P-256,fixed_target_recipient,ok
2026-08-19T14:39:02.154908525Z,FMD,multiple_signal_sender_scalability,flag_generation,sender,10,19,false,3907344,390734,gamma=8;p=2^-8;curve=P-256,fixed_target_recipient,ok
2026-08-19T14:39:02.161070775Z,FMD,multiple_signal_sender_scalability,flag_generation,sender,10,20,false,4211686,421168,gamma=8;p=2^-8;curve=P-256,fixed_target_recipient,ok
2026-08-19T14:39:02.168139509Z,FMD,multiple_signal_sender_scalability,flag_generation,sender,10,21,false,5052882,505288,gamma=8;p=2^-8;curve=P-256,fixed_target_recipient,ok
2026-08-19T14:39:02.174058567Z,FMD,multiple_signal_sender_scalability,flag_generation,sender,10,22,false,3676492,367649,gamma=8;p=2^-8;curve=P-256,fixed_target_recipient,ok
2026-08-19T14:39:02.180287164Z,FMD,multiple_signal_sender_scalability,flag_generation,sender,10,23,false,4241863,424186,gamma=8;p=2^-8;curve=P-256,fixed_target_recipient,ok
2026-08-19T14:39:02.185765576Z,FMD,multiple_signal_sender_scalability,flag_generation,sender,10,24,false,3692499,369249,gamma=8;p=2^-8;curve=P-256,fixed_target_recipient,ok
2026-08-19T14:39:02.192316074Z,FMD,multiple_signal_sender_scalability,flag_generation,sender,10,25,false,4317207,431720,gamma=8;p=2^-8;curve=P-256,fixed_target_recipient,ok
2026-08-19T14:39:02.198497604Z,FMD,multiple_signal_sender_scalability,flag_generation,sender,10,26,false,3998402,399840,gamma=8;p=2^-8;curve=P-256,fixed_target_recipient,ok
2026-08-19T14:39:02.204320343Z,FMD,multiple_signal_sender_scalability,flag_generation,sender,10,27,false,3813197,381319,gamma=8;p=2^-8;curve=P-256,fixed_target_recipient,ok
2026-08-19T14:39:02.210330937Z,FMD,multiple_signal_sender_scalability,flag_generation,sender,10,28,false,4129823,412982,gamma=8;p=2^-8;curve=P-256,fixed_target_recipient,ok
2026-08-19T14:39:02.216418903Z,FMD,multiple_signal_sender_scalability,flag_generation,sender,10,29,false,3966727,396672,gamma=8;p=2^-8;curve=P-256,fixed_target_recipient,ok
2026-08-19T14:39:02.596674774Z,FMD,multiple_signal_sender_scalability,flag_generation,sender,1000,-20,true,374046211,374046,gamma=8;p=2^-8;curve=P-256,fixed_target_recipient,ok
2026-08-19T14:39:02.970660481Z,FMD,multiple_signal_sender_scalability,flag_generation,sender,1000,-19,true,371872587,371872,gamma=8;p=2^-8;curve=P-256,fixed_target_recipient,ok
2026-08-19T14:39:03.346138843Z,FMD,multiple_signal_sender_scalability,flag_generation,sender,1000,-18,true,373448248,373448,gamma=8;p=2^-8;curve=P-256,fixed_target_recipient,ok
2026-08-19T14:39:03.719310953Z,FMD,multiple_signal_sender_scalability,flag_generation,sender,1000,-17,true,370896896,370896,gamma=8;p=2^-8;curve=P-256,fixed_target_recipient,ok
2026-08-19T14:39:04.093993847Z,FMD,multiple_signal_sender_scalability,flag_generation,sender,1000,-16,true,372570774,372570,gamma=8;p=2^-8;curve=P-256,fixed_target_recipient,ok
2026-08-19T14:39:04.474700204Z,FMD,multiple_signal_sender_scalability,flag_generation,sender,1000,-15,true,378652821,378652,gamma=8;p=2^-8;curve=P-256,fixed_target_recipient,ok
2026-08-19T14:39:04.84735061Z,FMD,multiple_signal_sender_scalability,flag_generation,sender,1000,-14,true,370183182,370183,gamma=8;p=2^-8;curve=P-256,fixed_target_recipient,ok
2026-08-19T14:39:05.221254334Z,FMD,multiple_signal_sender_scalability,flag_generation,sender,1000,-13,true,371809114,371809,gamma=8;p=2^-8;curve=P-256,fixed_target_recipient,ok
2026-08-19T14:39:05.593911389Z,FMD,multiple_signal_sender_scalability,flag_generation,sender,1000,-12,true,369700052,369700,gamma=8;p=2^-8;curve=P-256,fixed_target_recipient,ok
2026-08-19T14:39:05.968045903Z,FMD,multiple_signal_sender_scalability,flag_generation,sender,1000,-11,true,371873052,371873,gamma=8;p=2^-8;curve=P-256,fixed_target_recipient,ok
2026-08-19T14:39:06.346968251Z,FMD,multiple_signal_sender_scalability,flag_generation,sender,1000,-10,true,376641528,376641,gamma=8;p=2^-8;curve=P-256,fixed_target_recipient,ok
2026-08-19T14:39:06.721405621Z,FMD,multiple_signal_sender_scalability,flag_generation,sender,1000,-9,true,372326118,372326,gamma=8;p=2^-8;curve=P-256,fixed_target_recipient,ok
2026-08-19T14:39:07.091657585Z,FMD,multiple_signal_sender_scalability,flag_generation,sender,1000,-8,true,367934059,367934,gamma=8;p=2^-8;curve=P-256,fixed_target_recipient,ok
2026-08-19T14:39:07.465691838Z,FMD,multiple_signal_sender_scalability,flag_generation,sender,1000,-7,true,371433327,371433,gamma=8;p=2^-8;curve=P-256,fixed_target_recipient,ok
2026-08-19T14:39:07.839647065Z,FMD,multiple_signal_sender_scalability,flag_generation,sender,1000,-6,true,370806031,370806,gamma=8;p=2^-8;curve=P-256,fixed_target_recipient,ok
2026-08-19T14:39:08.215492515Z,FMD,multiple_signal_sender_scalability,flag_generation,sender,1000,-5,true,373746734,373746,gamma=8;p=2^-8;curve=P-256,fixed_target_recipient,ok
2026-08-19T14:39:08.593666609Z,FMD,multiple_signal_sender_scalability,flag_generation,sender,1000,-4,true,376004112,376004,gamma=8;p=2^-8;curve=P-256,fixed_target_recipient,ok
2026-08-19T14:39:08.96583908Z,FMD,multiple_signal_sender_scalability,flag_generation,sender,1000,-3,true,370293221,370293,gamma=8;p=2^-8;curve=P-256,fixed_target_recipient,ok
2026-08-19T14:39:09.341394492Z,FMD,multiple_signal_sender_scalability,flag_generation,sender,1000,-2,true,372806448,372806,gamma=8;p=2^-8;curve=P-256,fixed_target_recipient,ok
2026-08-19T14:39:09.720303711Z,FMD,multiple_signal_sender_scalability,flag_generation,sender,1000,-1,true,377046906,377046,gamma=8;p=2^-8;curve=P-256,fixed_target_recipient,ok
2026-08-19T14:39:10.096231767Z,FMD,multiple_signal_sender_scalability,flag_generation,sender,1000,0,false,374132537,374132,gamma=8;p=2^-8;curve=P-256,fixed_target_recipient,ok
2026-08-19T14:39:10.475121109Z,FMD,multiple_signal_sender_scalability,flag_generation,sender,1000,1,false,376080294,376080,gamma=8;p=2^-8;curve=P-256,fixed_target_recipient,ok
2026-08-19T14:39:10.848067271Z,FMD,multiple_signal_sender_scalability,flag_generation,sender,1000,2,false,370814334,370814,gamma=8;p=2^-8;curve=P-256,fixed_target_recipient,ok
2026-08-19T14:39:11.223324848Z,FMD,multiple_signal_sender_scalability,flag_generation,sender,1000,3,false,372827014,372827,gamma=8;p=2^-8;curve=P-256,fixed_target_recipient,ok
2026-08-19T14:39:11.596938117Z,FMD,multiple_signal_sender_scalability,flag_generation,sender,1000,4,false,370991597,370991,gamma=8;p=2^-8;curve=P-256,fixed_target_recipient,ok
2026-08-19T14:39:11.969424474Z,FMD,multiple_signal_sender_scalability,flag_generation,sender,1000,5,false,370619798,370619,gamma=8;p=2^-8;curve=P-256,fixed_target_recipient,ok
2026-08-19T14:39:12.345016484Z,FMD,multiple_signal_sender_scalability,flag_generation,sender,1000,6,false,373752520,373752,gamma=8;p=2^-8;curve=P-256,fixed_target_recipient,ok
2026-08-19T14:39:12.729368247Z,FMD,multiple_signal_sender_scalability,flag_generation,sender,1000,7,false,382399358,382399,gamma=8;p=2^-8;curve=P-256,fixed_target_recipient,ok
2026-08-19T14:39:13.10524714Z,FMD,multiple_signal_sender_scalability,flag_generation,sender,1000,8,false,373524061,373524,gamma=8;p=2^-8;curve=P-256,fixed_target_recipient,ok
2026-08-19T14:39:13.48156214Z,FMD,multiple_signal_sender_scalability,flag_generation,sender,1000,9,false,373997297,373997,gamma=8;p=2^-8;curve=P-256,fixed_target_recipient,ok
2026-08-19T14:39:13.857985431Z,FMD,multiple_signal_sender_scalability,flag_generation,sender,1000,10,false,374678669,374678,gamma=8;p=2^-8;curve=P-256,fixed_target_recipient,ok
2026-08-19T14:39:14.231729009Z,FMD,multiple_signal_sender_scalability,flag_generation,sender,1000,11,false,371996302,371996,gamma=8;p=2^-8;curve=P-256,fixed_target_recipient,ok
2026-08-19T14:39:14.613713025Z,FMD,multiple_signal_sender_scalability,flag_generation,sender,1000,12,false,379891788,379891,gamma=8;p=2^-8;curve=P-256,fixed_target_recipient,ok
2026-08-19T14:39:14.985909731Z,FMD,multiple_signal_sender_scalability,flag_generation,sender,1000,13,false,369732856,369732,gamma=8;p=2^-8;curve=P-256,fixed_target_recipient,ok
2026-08-19T14:39:15.36229411Z,FMD,multiple_signal_sender_scalability,flag_generation,sender,1000,14,false,374294848,374294,gamma=8;p=2^-8;curve=P-256,fixed_target_recipient,ok
2026-08-19T14:39:15.739867516Z,FMD,multiple_signal_sender_scalability,flag_generation,sender,1000,15,false,375121354,375121,gamma=8;p=2^-8;curve=P-256,fixed_target_recipient,ok
2026-08-19T14:39:16.11525534Z,FMD,multiple_signal_sender_scalability,flag_generation,sender,1000,16,false,373420863,373420,gamma=8;p=2^-8;curve=P-256,fixed_target_recipient,ok
2026-08-19T14:39:16.494401513Z,FMD,multiple_signal_sender_scalability,flag_generation,sender,1000,17,false,376554895,376554,gamma=8;p=2^-8;curve=P-256,fixed_target_recipient,ok
2026-08-19T14:39:16.875942587Z,FMD,multiple_signal_sender_scalability,flag_generation,sender,1000,18,false,378692885,378692,gamma=8;p=2^-8;curve=P-256,fixed_target_recipient,ok
2026-08-19T14:39:17.250516212Z,FMD,multiple_signal_sender_scalability,flag_generation,sender,1000,19,false,372342580,372342,gamma=8;p=2^-8;curve=P-256,fixed_target_recipient,ok
2026-08-19T14:39:17.62983517Z,FMD,multiple_signal_sender_scalability,flag_generation,sender,1000,20,false,377407440,377407,gamma=8;p=2^-8;curve=P-256,fixed_target_recipient,ok
2026-08-19T14:39:18.013408787Z,FMD,multiple_signal_sender_scalability,flag_generation,sender,1000,21,false,381628146,381628,gamma=8;p=2^-8;curve=P-256,fixed_target_recipient,ok
2026-08-19T14:39:18.387672802Z,FMD,multiple_signal_sender_scalability,flag_generation,sender,1000,22,false,371696311,371696,gamma=8;p=2^-8;curve=P-256,fixed_target_recipient,ok
2026-08-19T14:39:18.77135691Z,FMD,multiple_signal_sender_scalability,flag_generation,sender,1000,23,false,381372044,381372,gamma=8;p=2^-8;curve=P-256,fixed_target_recipient,ok
2026-08-19T14:39:19.14603381Z,FMD,multiple_signal_sender_scalability,flag_generation,sender,1000,24,false,372160048,372160,gamma=8;p=2^-8;curve=P-256,fixed_target_recipient,ok
2026-08-19T14:39:19.519331259Z,FMD,multiple_signal_sender_scalability,flag_generation,sender,1000,25,false,371213753,371213,gamma=8;p=2^-8;curve=P-256,fixed_target_recipient,ok
2026-08-19T14:39:19.895612019Z,FMD,multiple_signal_sender_scalability,flag_generation,sender,1000,26,false,373599866,373599,gamma=8;p=2^-8;curve=P-256,fixed_target_recipient,ok
2026-08-19T14:39:20.270787932Z,FMD,multiple_signal_sender_scalability,flag_generation,sender,1000,27,false,372866223,372866,gamma=8;p=2^-8;curve=P-256,fixed_target_recipient,ok
2026-08-19T14:39:20.651171567Z,FMD,multiple_signal_sender_scalability,flag_generation,sender,1000,28,false,378067461,378067,gamma=8;p=2^-8;curve=P-256,fixed_target_recipient,ok
2026-08-19T14:39:21.023151698Z,FMD,multiple_signal_sender_scalability,flag_generation,sender,1000,29,false,369673755,369673,gamma=8;p=2^-8;curve=P-256,fixed_target_recipient,ok
2026-08-19T14:39:21.034084846Z,FMD,multiple_signal_sender_scalability,flag_generation,sender,10,-20,true,4212999,421299,gamma=8;p=2^-8;curve=P-256,fixed_target_recipient,ok
2026-08-19T14:39:21.04076893Z,FMD,multiple_signal_sender_scalability,flag_generation,sender,10,-19,true,3865521,386552,gamma=8;p=2^-8;curve=P-256,fixed_target_recipient,ok
2026-08-19T14:39:21.046910676Z,FMD,multiple_signal_sender_scalability,flag_generation,sender,10,-18,true,4441495,444149,gamma=8;p=2^-8;curve=P-256,fixed_target_recipient,ok
2026-08-19T14:39:21.053536343Z,FMD,multiple_signal_sender_scalability,flag_generation,sender,10,-17,true,3884050,388405,gamma=8;p=2^-8;curve=P-256,fixed_target_recipient,ok
2026-08-19T14:39:21.059674719Z,FMD,multiple_signal_sender_scalability,flag_generation,sender,10,-16,true,3820456,382045,gamma=8;p=2^-8;curve=P-256,fixed_target_recipient,ok
2026-08-19T14:39:21.066783214Z,FMD,multiple_signal_sender_scalability,flag_generation,sender,10,-15,true,4474021,447402,gamma=8;p=2^-8;curve=P-256,fixed_target_recipient,ok
2026-08-19T14:39:21.072553932Z,FMD,multiple_signal_sender_scalability,flag_generation,sender,10,-14,true,4038328,403832,gamma=8;p=2^-8;curve=P-256,fixed_target_recipient,ok
2026-08-19T14:39:21.079822876Z,FMD,multiple_signal_sender_scalability,flag_generation,sender,10,-13,true,5144155,514415,gamma=8;p=2^-8;curve=P-256,fixed_target_recipient,ok
2026-08-19T14:39:21.085988243Z,FMD,multiple_signal_sender_scalability,flag_generation,sender,10,-12,true,3787584,378758,gamma=8;p=2^-8;curve=P-256,fixed_target_recipient,ok
2026-08-19T14:39:21.092357921Z,FMD,multiple_signal_sender_scalability,flag_generation,sender,10,-11,true,4468781,446878,gamma=8;p=2^-8;curve=P-256,fixed_target_recipient,ok
2026-08-19T14:39:21.0988697Z,FMD,multiple_signal_sender_scalability,flag_generation,sender,10,-10,true,4645027,464502,gamma=8;p=2^-8;curve=P-256,fixed_target_recipient,ok
2026-08-19T14:39:21.10488988Z,FMD,multiple_signal_sender_scalability,flag_generation,sender,10,-9,true,4004816,400481,gamma=8;p=2^-8;curve=P-256,fixed_target_recipient,ok
2026-08-19T14:39:21.110887149Z,FMD,multiple_signal_sender_scalability,flag_generation,sender,10,-8,true,3894586,389458,gamma=8;p=2^-8;curve=P-256,fixed_target_recipient,ok
2026-08-19T14:39:21.117293664Z,FMD,multiple_signal_sender_scalability,flag_generation,sender,10,-7,true,4085639,408563,gamma=8;p=2^-8;curve=P-256,fixed_target_recipient,ok
2026-08-19T14:39:21.123963734Z,FMD,multiple_signal_sender_scalability,flag_generation,sender,10,-6,true,4867099,486709,gamma=8;p=2^-8;curve=P-256,fixed_target_recipient,ok
2026-08-19T14:39:21.130318709Z,FMD,multiple_signal_sender_scalability,flag_generation,sender,10,-5,true,4279540,427954,gamma=8;p=2^-8;curve=P-256,fixed_target_recipient,ok
2026-08-19T14:39:21.136396793Z,FMD,multiple_signal_sender_scalability,flag_generation,sender,10,-4,true,3663396,366339,gamma=8;p=2^-8;curve=P-256,fixed_target_recipient,ok
2026-08-19T14:39:21.14208312Z,FMD,multiple_signal_sender_scalability,flag_generation,sender,10,-3,true,3869186,386918,gamma=8;p=2^-8;curve=P-256,fixed_target_recipient,ok
2026-08-19T14:39:21.147840783Z,FMD,multiple_signal_sender_scalability,flag_generation,sender,10,-2,true,3708838,370883,gamma=8;p=2^-8;curve=P-256,fixed_target_recipient,ok
2026-08-19T14:39:21.153730146Z,FMD,multiple_signal_sender_scalability,flag_generation,sender,10,-1,true,4248728,424872,gamma=8;p=2^-8;curve=P-256,fixed_target_recipient,ok
2026-08-19T14:39:21.160693051Z,FMD,multiple_signal_sender_scalability,flag_generation,sender,10,0,false,4688348,468834,gamma=8;p=2^-8;curve=P-256,fixed_target_recipient,ok
2026-08-19T14:39:21.167058744Z,FMD,multiple_signal_sender_scalability,flag_generation,sender,10,1,false,4342054,434205,gamma=8;p=2^-8;curve=P-256,fixed_target_recipient,ok
2026-08-19T14:39:21.173315962Z,FMD,multiple_signal_sender_scalability,flag_generation,sender,10,2,false,4148547,414854,gamma=8;p=2^-8;curve=P-256,fixed_target_recipient,ok
2026-08-19T14:39:21.180047545Z,FMD,multiple_signal_sender_scalability,flag_generation,sender,10,3,false,4219832,421983,gamma=8;p=2^-8;curve=P-256,fixed_target_recipient,ok
2026-08-19T14:39:21.187408859Z,FMD,multiple_signal_sender_scalability,flag_generation,sender,10,4,false,5055840,505584,gamma=8;p=2^-8;curve=P-256,fixed_target_recipient,ok
2026-08-19T14:39:21.193138024Z,FMD,multiple_signal_sender_scalability,flag_generation,sender,10,5,false,3660522,366052,gamma=8;p=2^-8;curve=P-256,fixed_target_recipient,ok
2026-08-19T14:39:21.20012116Z,FMD,multiple_signal_sender_scalability,flag_generation,sender,10,6,false,4802780,480278,gamma=8;p=2^-8;curve=P-256,fixed_target_recipient,ok
2026-08-19T14:39:21.207075658Z,FMD,multiple_signal_sender_scalability,flag_generation,sender,10,7,false,4306210,430621,gamma=8;p=2^-8;curve=P-256,fixed_target_recipient,ok
2026-08-19T14:39:21.213858817Z,FMD,multiple_signal_sender_scalability,flag_generation,sender,10,8,false,4239343,423934,gamma=8;p=2^-8;curve=P-256,fixed_target_recipient,ok
2026-08-19T14:39:21.219515247Z,FMD,multiple_signal_sender_scalability,flag_generation,sender,10,9,false,3757057,375705,gamma=8;p=2^-8;curve=P-256,fixed_target_recipient,ok
2026-08-19T14:39:21.225026188Z,FMD,multiple_signal_sender_scalability,flag_generation,sender,10,10,false,3615388,361538,gamma=8;p=2^-8;curve=P-256,fixed_target_recipient,ok
2026-08-19T14:39:21.230745108Z,FMD,multiple_signal_sender_scalability,flag_generation,sender,10,11,false,3679816,367981,gamma=8;p=2^-8;curve=P-256,fixed_target_recipient,ok
2026-08-19T14:39:21.237655224Z,FMD,multiple_signal_sender_scalability,flag_generation,sender,10,12,false,4225672,422567,gamma=8;p=2^-8;curve=P-256,fixed_target_recipient,ok
2026-08-19T14:39:21.243702869Z,FMD,multiple_signal_sender_scalability,flag_generation,sender,10,13,false,3696720,369672,gamma=8;p=2^-8;curve=P-256,fixed_target_recipient,ok
2026-08-19T14:39:21.249705988Z,FMD,multiple_signal_sender_scalability,flag_generation,sender,10,14,false,4231592,423159,gamma=8;p=2^-8;curve=P-256,fixed_target_recipient,ok
2026-08-19T14:39:21.255423926Z,FMD,multiple_signal_sender_scalability,flag_generation,sender,10,15,false,3634100,363410,gamma=8;p=2^-8;curve=P-256,fixed_target_recipient,ok
2026-08-19T14:39:21.261881957Z,FMD,multiple_signal_sender_scalability,flag_generation,sender,10,16,false,4195922,419592,gamma=8;p=2^-8;curve=P-256,fixed_target_recipient,ok
2026-08-19T14:39:21.267860631Z,FMD,multiple_signal_sender_scalability,flag_generation,sender,10,17,false,3824443,382444,gamma=8;p=2^-8;curve=P-256,fixed_target_recipient,ok
2026-08-19T14:39:21.274844919Z,FMD,multiple_signal_sender_scalability,flag_generation,sender,10,18,false,5149445,514944,gamma=8;p=2^-8;curve=P-256,fixed_target_recipient,ok
2026-08-19T14:39:21.28204594Z,FMD,multiple_signal_sender_scalability,flag_generation,sender,10,19,false,5079777,507977,gamma=8;p=2^-8;curve=P-256,fixed_target_recipient,ok
2026-08-19T14:39:21.288926383Z,FMD,multiple_signal_sender_scalability,flag_generation,sender,10,20,false,4600595,460059,gamma=8;p=2^-8;curve=P-256,fixed_target_recipient,ok
2026-08-19T14:39:21.2947253Z,FMD,multiple_signal_sender_scalability,flag_generation,sender,10,21,false,3783177,378317,gamma=8;p=2^-8;curve=P-256,fixed_target_recipient,ok
2026-08-19T14:39:21.300746638Z,FMD,multiple_signal_sender_scalability,flag_generation,sender,10,22,false,3773638,377363,gamma=8;p=2^-8;curve=P-256,fixed_target_recipient,ok
2026-08-19T14:39:21.306333988Z,FMD,multiple_signal_sender_scalability,flag_generation,sender,10,23,false,3614782,361478,gamma=8;p=2^-8;curve=P-256,fixed_target_recipient,ok
2026-08-19T14:39:21.312816177Z,FMD,multiple_signal_sender_scalability,flag_generation,sender,10,24,false,4076051,407605,gamma=8;p=2^-8;curve=P-256,fixed_target_recipient,ok
2026-08-19T14:39:21.3191723Z,FMD,multiple_signal_sender_scalability,flag_generation,sender,10,25,false,4278842,427884,gamma=8;p=2^-8;curve=P-256,fixed_target_recipient,ok
2026-08-19T14:39:21.325225831Z,FMD,multiple_signal_sender_scalability,flag_generation,sender,10,26,false,3769854,376985,gamma=8;p=2^-8;curve=P-256,fixed_target_recipient,ok
2026-08-19T14:39:21.331429466Z,FMD,multiple_signal_sender_scalability,flag_generation,sender,10,27,false,3743479,374347,gamma=8;p=2^-8;curve=P-256,fixed_target_recipient,ok
2026-08-19T14:39:21.337001866Z,FMD,multiple_signal_sender_scalability,flag_generation,sender,10,28,false,3689745,368974,gamma=8;p=2^-8;curve=P-256,fixed_target_recipient,ok
2026-08-19T14:39:21.342938824Z,FMD,multiple_signal_sender_scalability,flag_generation,sender,10,29,false,3961079,396107,gamma=8;p=2^-8;curve=P-256,fixed_target_recipient,ok
