timestamp,scheme,experiment,operation,role,B,trial,warmup,total_time_ns,per_signal_time_ns,scheme_specific_parameters,recipient_mode,status
1787150132393999433,PPS-GC,multiple_signal_sender_scalability,share_generation,sender,1000,-10,true,9700530,9700,recipient_bits=16;location_bytes=32,fixed_target_recipient,ok
1787150132405833665,PPS-GC,multiple_signal_sender_scalability,share_generation,sender,1000,-9,true,9993795,9993,recipient_bits=16;location_bytes=32,fixed_target_recipient,ok
1787150132416650923,PPS-GC,multiple_signal_sender_scalability,share_generation,sender,1000,-8,true,9215196,9215,recipient_bits=16;location_bytes=32,fixed_target_recipient,ok
1787150132427615996,PPS-GC,multiple_signal_sender_scalability,share_generation,sender,1000,-7,true,9229275,9229,recipient_bits=16;location_bytes=32,fixed_target_recipient,ok
1787150132440126488,PPS-GC,multiple_signal_sender_scalability,share_generation,sender,1000,-6,true,10538811,10538,recipient_bits=16;location_bytes=32,fixed_target_recipient,ok
1787150132450999891,PPS-GC,multiple_signal_sender_scalability,share_generation,sender,1000,-5,true,9317631,9317,recipient_bits=16;location_bytes=32,fixed_target_recipient,ok
1787150132461764654,PPS-GC,multiple_signal_sender_scalability,share_generation,sender,1000,-4,true,9157026,9157,recipient_bits=16;location_bytes=32,fixed_target_recipient,ok
1787150132473544511,PPS-GC,multiple_signal_sender_scalability,share_generation,sender,1000,-3,true,9430387,9430,recipient_bits=16;location_bytes=32,fixed_target_recipient,ok
1787150132485109777,PPS-GC,multiple_signal_sender_scalability,share_generation,sender,1000,-2,true,10188289,10188,recipient_bits=16;location_bytes=32,fixed_target_recipient,ok
1787150132497201099,PPS-GC,multiple_signal_sender_scalability,share_generation,sender,1000,-1,true,10524406,10524,recipient_bits=16;location_bytes=32,fixed_target_recipient,ok
1787150132509004345,PPS-GC,multiple_signal_sender_scalability,share_generation,sender,1000,0,false,10356004,10356,recipient_bits=16;location_bytes=32,fixed_target_recipient,ok
1787150132520031573,PPS-GC,multiple_signal_sender_scalability,share_generation,sender,1000,1,false,9314482,9314,recipient_bits=16;location_bytes=32,fixed_target_recipient,ok
1787150132531173413,PPS-GC,multiple_signal_sender_scalability,share_generation,sender,1000,2,false,9361961,9361,recipient_bits=16;location_bytes=32,fixed_target_recipient,ok
1787150132542522402,PPS-GC,multiple_signal_sender_scalability,share_generation,sender,1000,3,false,9787307,9787,recipient_bits=16;location_bytes=32,fixed_target_recipient,ok
1787150132555195269,PPS-GC,multiple_signal_sender_scalability,share_generation,sender,1000,4,false,10684645,10684,recipient_bits=16;location_bytes=32,fixed_target_recipient,ok
1787150132567206849,PPS-GC,multiple_signal_sender_scalability,share_generation,sender,1000,5,false,10111972,10111,recipient_bits=16;location_bytes=32,fixed_target_recipient,ok
1787150132579485814,PPS-GC,multiple_signal_sender_scalability,share_generation,sender,1000,6,false,10068413,10068,recipient_bits=16;location_bytes=32,fixed_target_recipient,ok
1787150132591132385,PPS-GC,multiple_signal_sender_scalability,share_generation,sender,1000,7,false,9941485,9941,recipient_bits=16;location_bytes=32,fixed_target_recipient,ok
1787150132601847864,PPS-GC,multiple_signal_sender_scalability,share_generation,sender,1000,8,false,9294291,9294,recipient_bits=16;location_bytes=32,fixed_target_recipient,ok
1787150132612931677,PPS-GC,multiple_signal_sender_scalability,share_generation,sender,1000,9,false,9251876,9251,recipient_bits=16;location_bytes=32,fixed_target_recipient,ok
1787150132624686924,PPS-GC,multiple_signal_sender_scalability,share_generation,sender,1000,10,false,9431179,9431,recipient_bits=16;location_bytes=32,fixed_target_recipient,ok
1787150132636526983,PPS-GC,multiple_signal_sender_scalability,share_generation,sender,1000,11,false,10466107,10466,recipient_bits=16;location_bytes=32,fixed_target_recipient,ok
1787150132648144369,PPS-GC,multiple_signal_sender_scalability,share_generation,sender,1000,12,false,9852945,9852,recipient_bits=16;location_bytes=32,fixed_target_recipient,ok
1787150132659850956,PPS-GC,multiple_signal_sender_scalability,share_generation,sender,1000,13,false,9779295,9779,recipient_bits=16;location_bytes=32,fixed_target_recipient,ok
1787150132671364683,PPS-GC,multiple_signal_sender_scalability,share_generation,sender,1000,14,false,9246099,9246,recipient_bits=16;location_bytes=32,fixed_target_recipient,ok
1787150132682608022,PPS-GC,multiple_signal_sender_scalability,share_generation,sender,1000,15,false,9436708,9436,recipient_bits=16;location_bytes=32,fixed_target_recipient,ok
1787150132694042973,PPS-GC,multiple_signal_sender_scalability,share_generation,sender,1000,16,false,10021863,10021,recipient_bits=16;location_bytes=32,fixed_target_recipient,ok
1787150132705583503,PPS-GC,multiple_signal_sender_scalability,share_generation,sender,1000,17,false,9211674,9211,recipient_bits=16;location_bytes=32,fixed_target_recipient,ok
1787150132716780409,PPS-GC,multiple_signal_sender_scalability,share_generation,sender,1000,18,false,9272007,9272,recipient_bits=16;location_bytes=32,fixed_target_recipient,ok
1787150132727676702,PPS-GC,multiple_signal_sender_scalability,share_generation,sender,1000,19,false,9375058,9375,recipient_bits=16;location_bytes=32,fixed_target_recipient,ok
1787150132739003146,PPS-GC,multiple_signal_sender_scalability,share_generation,sender,1000,20,false,9280856,9280,recipient_bits=16;location_bytes=32,fixed_target_recipient,ok
1787150132750348044,PPS-GC,multiple_signal_sender_scalability,share_generation,sender,1000,21,false,9191675,9191,recipient_bits=16;location_bytes=32,fixed_target_recipient,ok
1787150132761887890,PPS-GC,multiple_signal_sender_scalability,share_generation,sender,1000,22,false,9907202,9907,recipient_bits=16;location_bytes=32,fixed_target_recipient,ok
1787150132773074088,PPS-GC,multiple_signal_sender_scalability,share_generation,sender,1000,23,false,9693973,9693,recipient_bits=16;location_bytes=32,fixed_target_recipient,ok
1787150132783727582,PPS-GC,multiple_signal_sender_scalability,share_generation,sender,1000,24,false,9132415,9132,recipient_bits=16;location_bytes=32,fixed_target_recipient,ok
1787150132796333200,PPS-GC,multiple_signal_sender_scalability,share_generation,sender,1000,25,false,10086960,10086,recipient_bits=16;location_bytes=32,fixed_target_recipient,ok
1787150132807236473,PPS-GC,multiple_signal_sender_scalability,share_generation,sender,1000,26,false,9315965,9315,recipient_bits=16;location_bytes=32,fixed_target_recipient,ok
1787150132818870163,PPS-GC,multiple_signal_sender_scalability,share_generation,sender,1000,27,false,9881056,9881,recipient_bits=16;location_bytes=32,fixed_target_recipient,ok
1787150132829961962,PPS-GC,multiple_signal_sender_scalability,share_generation,sender,1000,28,false,9154647,9154,recipient_bits=16;location_bytes=32,fixed_target_recipient,ok
1787150132842100752,PPS-GC,multiple_signal_sender_scalability,share_generation,sender,1000,29,false,9228232,9228,recipient_bits=16;location_bytes=32,fixed_target_recipient,ok
1787150132845658529,PPS-GC,multiple_signal_sender_scalability,share_generation,sender,10,-10,true,93546,9354,recipient_bits=16;location_bytes=32,fixed_target_recipient,ok
1787150132847525149,PPS-GC,multiple_signal_sender_scalability,share_generation,sender,10,-9,true,101196,10119,recipient_bits=16;location_bytes=32,fixed_target_recipient,ok
1787150132849539369,PPS-GC,multiple_signal_sender_scalability,share_generation,sender,10,-8,true,95805,9580,recipient_bits=16;location_bytes=32,fixed_target_recipient,ok
1787150132851028719,PPS-GC,multiple_signal_sender_scalability,share_generation,sender,10,-7,true,92499,9249,recipient_bits=16;location_bytes=32,fixed_target_recipient,ok
1787150132852283498,PPS-GC,multiple_signal_sender_scalability,share_generation,sender,10,-6,true,91792,9179,recipient_bits=16;location_bytes=32,fixed_target_recipient,ok
1787150132853515647,PPS-GC,multiple_signal_sender_scalability,share_generation,sender,10,-5,true,91351,9135,recipient_bits=16;location_bytes=32,fixed_target_recipient,ok
1787150132854854356,PPS-GC,multiple_signal_sender_scalability,share_generation,sender,10,-4,true,204825,20482,recipient_bits=16;location_bytes=32,fixed_target_recipient,ok
1787150132856700450,PPS-GC,multiple_signal_sender_scalability,share_generation,sender,10,-3,true,226416,22641,recipient_bits=16;location_bytes=32,fixed_target_recipient,ok
1787150132858003562,PPS-GC,multiple_signal_sender_scalability,share_generation,sender,10,-2,true,91167,9116,recipient_bits=16;location_bytes=32,fixed_target_recipient,ok
1787150132859734712,PPS-GC,multiple_signal_sender_scalability,share_generation,sender,10,-1,true,94767,9476,recipient_bits=16;location_bytes=32,fixed_target_recipient,ok
1787150132861943454,PPS-GC,multiple_signal_sender_scalability,share_generation,sender,10,0,false,98385,9838,recipient_bits=16;location_bytes=32,fixed_target_recipient,ok
1787150132863576401,PPS-GC,multiple_signal_sender_scalability,share_generation,sender,10,1,false,92792,9279,recipient_bits=16;location_bytes=32,fixed_target_recipient,ok
1787150132864870468,PPS-GC,multiple_signal_sender_scalability,share_generation,sender,10,2,false,91066,9106,recipient_bits=16;location_bytes=32,fixed_target_recipient,ok
1787150132866077362,PPS-GC,multiple_signal_sender_scalability,share_generation,sender,10,3,false,90625,9062,recipient_bits=16;location_bytes=32,fixed_target_recipient,ok
1787150132867275045,PPS-GC,multiple_signal_sender_scalability,share_generation,sender,10,4,false,90717,9071,recipient_bits=16;location_bytes=32,fixed_target_recipient,ok
1787150132868547084,PPS-GC,multiple_signal_sender_scalability,share_generation,sender,10,5,false,95171,9517,recipient_bits=16;location_bytes=32,fixed_target_recipient,ok
1787150132870499080,PPS-GC,multiple_signal_sender_scalability,share_generation,sender,10,6,false,203365,20336,recipient_bits=16;location_bytes=32,fixed_target_recipient,ok
1787150132871759929,PPS-GC,multiple_signal_sender_scalability,share_generation,sender,10,7,false,90598,9059,recipient_bits=16;location_bytes=32,fixed_target_recipient,ok
1787150132873033158,PPS-GC,multiple_signal_sender_scalability,share_generation,sender,10,8,false,90965,9096,recipient_bits=16;location_bytes=32,fixed_target_recipient,ok
1787150132874599175,PPS-GC,multiple_signal_sender_scalability,share_generation,sender,10,9,false,233057,23305,recipient_bits=16;location_bytes=32,fixed_target_recipient,ok
1787150132876635272,PPS-GC,multiple_signal_sender_scalability,share_generation,sender,10,10,false,101076,10107,recipient_bits=16;location_bytes=32,fixed_target_recipient,ok
1787150132879295433,PPS-GC,multiple_signal_sender_scalability,share_generation,sender,10,11,false,106238,10623,recipient_bits=16;location_bytes=32,fixed_target_recipient,ok
1787150132880673118,PPS-GC,multiple_signal_sender_scalability,share_generation,sender,10,12,false,91975,9197,recipient_bits=16;location_bytes=32,fixed_target_recipient,ok
1787150132881875916,PPS-GC,multiple_signal_sender_scalability,share_generation,sender,10,13,false,90709,9070,recipient_bits=16;location_bytes=32,fixed_target_recipient,ok
1787150132883049978,PPS-GC,multiple_signal_sender_scalability,share_generation,sender,10,14,false,90487,9048,recipient_bits=16;location_bytes=32,fixed_target_recipient,ok
1787150132884511970,PPS-GC,multiple_signal_sender_scalability,share_generation,sender,10,15,false,110609,11060,recipient_bits=16;location_bytes=32,fixed_target_recipient,ok
1787150132885777806,PPS-GC,multiple_signal_sender_scalability,share_generation,sender,10,16,false,90533,9053,recipient_bits=16;location_bytes=32,fixed_target_recipient,ok
1787150132886976003,PPS-GC,multiple_signal_sender_scalability,share_generation,sender,10,17,false,92012,9201,recipient_bits=16;location_bytes=32,fixed_target_recipient,ok
1787150132888202968,PPS-GC,multiple_signal_sender_scalability,share_generation,sender,10,18,false,107377,10737,recipient_bits=16;location_bytes=32,fixed_target_recipient,ok
1787150132890188421,PPS-GC,multiple_signal_sender_scalability,share_generation,sender,10,19,false,113548,11354,recipient_bits=16;location_bytes=32,fixed_target_recipient,ok
1787150132891699573,PPS-GC,multiple_signal_sender_scalability,share_generation,sender,10,20,false,196964,19696,recipient_bits=16;location_bytes=32,fixed_target_recipient,ok
1787150132894028108,PPS-GC,multiple_signal_sender_scalability,share_generation,sender,10,21,false,104199,10419,recipient_bits=16;location_bytes=32,fixed_target_recipient,ok
1787150132895961512,PPS-GC,multiple_signal_sender_scalability,share_generation,sender,10,22,false,95695,9569,recipient_bits=16;location_bytes=32,fixed_target_recipient,ok
1787150132897323612,PPS-GC,multiple_signal_sender_scalability,share_generation,sender,10,23,false,92490,9249,recipient_bits=16;location_bytes=32,fixed_target_recipient,ok
1787150132898619359,PPS-GC,multiple_signal_sender_scalability,share_generation,sender,10,24,false,91222,9122,recipient_bits=16;location_bytes=32,fixed_target_recipient,ok
1787150132899915051,PPS-GC,multiple_signal_sender_scalability,share_generation,sender,10,25,false,91323,9132,recipient_bits=16;location_bytes=32,fixed_target_recipient,ok
1787150132901205747,PPS-GC,multiple_signal_sender_scalability,share_generation,sender,10,26,false,90727,9072,recipient_bits=16;location_bytes=32,fixed_target_recipient,ok
1787150132902460599,PPS-GC,multiple_signal_sender_scalability,share_generation,sender,10,27,false,90855,9085,recipient_bits=16;location_bytes=32,fixed_target_recipient,ok
1787150132904053257,PPS-GC,multiple_signal_sender_scalability,share_generation,sender,10,28,false,91067,9106,recipient_bits=16;location_bytes=32,fixed_target_recipient,ok
1787150132905475354,PPS-GC,multiple_signal_sender_scalability,share_generation,sender,10,29,false,119821,11982,recipient_bits=16;location_bytes=32,fixed_target_recipient,ok
